feature,b,q,q_eff,N,n_spk,I_raw,I_mm,I_null_mean,I_null_p95,I_corrected,NMI_corrected,perm_p,deficient
AMD,1,2,2,6300,630,0.17755544003787804,0.10736718130256578,0.0765971255321008,0.08309566280293712,0.030770055770464988,0.003308889930155719,0.0,False
AMD,2,4,4,6300,630,0.3690542951164968,0.18196193822661058,0.24660324111512233,0.26054206210108644,0.0,0.0,0.0,False
AMD,3,8,8,6300,630,0.7266490807128445,0.4005542016293709,0.6030499812355472,0.6182755611801688,0.0,0.0,0.0,False
AMD,4,16,16,6300,630,1.2643813012567389,0.8114208582601723,1.1865138881868411,1.2029843894233458,0.0,0.0,0.0,False
AMD,5,32,32,6300,630,1.9894627365223023,1.450856587923756,1.9443799790703935,1.957444210547495,0.0,0.0,0.0,False
AMD,6,64,64,6300,630,2.8381204281772163,2.25211144252089,2.814055648716398,2.824748450097887,0.0,0.0,0.0,False
AMD,7,128,128,6300,630,3.7590576093656694,3.153354691405144,3.7464400988392397,3.7539482167059433,0.0,0.0,0.0,False
AMD,8,256,256,6300,630,4.71655968833241,4.110398771946206,4.711065295117444,4.71612839577256,0.0,0.0,0.035,False
B1,1,2,2,6300,630,0.3474234321536187,0.2889141332731219,0.07641786644484373,0.08404428833148883,0.21249626682827816,0.022851006925332814,0.0,False
B1,2,4,4,6300,630,0.630051150774424,0.47765217462972476,0.24574209068407712,0.25719372538740026,0.23191008394564763,0.024938691928075265,0.0,False
B1,3,8,8,6300,630,0.9647326810956312,0.6858116398570983,0.6039868628910552,0.6191712912687997,0.08182477696604307,0.008799112441000494,0.0,False
B1,4,16,16,6300,630,1.466971040347408,1.0648484226012145,1.1852491557761249,1.20197464647332,0.0,0.0,0.0,False
B1,5,32,32,6300,630,2.126491964522236,1.6277316789577658,1.944632136084815,1.9564079766151803,0.0,0.0,0.0,False
B1,6,64,64,6300,630,2.9166957331787806,2.354960664083443,2.8132993871115275,2.8241019525755577,0.0,0.0,0.0,False
B1,7,128,128,6300,630,3.799778655950009,3.2071286931213363,3.7464860446627015,3.753540960555803,0.0,0.0,0.0,False
B1,8,256,256,6300,630,4.737949353015292,4.139116411439953,4.711442924909132,4.716954962141246,0.0,0.0,0.0,False
B2,1,2,2,6300,630,0.3783768959391516,0.32124159233569183,0.07592657340338484,0.08301594822554133,0.245315018932307,0.026380205545165437,0.0,False
B2,2,4,4,6300,630,0.6849772539556422,0.5400207522282273,0.24659082704097102,0.2604308025586471,0.2934299251872563,0.03155429200067992,0.0,False
B2,3,8,8,6300,630,1.020633009820477,0.7529329300110805,0.6045945850080954,0.6194856504788235,0.14833834500298515,0.015951718115099312,0.0,False
B2,4,16,16,6300,630,1.5053936098082996,1.1134614570334644,1.1861901040564604,1.2020525647561888,0.0,0.0,0.0,False
B2,5,32,32,6300,630,2.145682997383881,1.652647692140399,1.9433804201279088,1.9566375747326465,0.0,0.0,0.0,False
B2,6,64,64,6300,630,2.94069535468884,2.3868607584364656,2.8138415143460214,2.8239859247007892,0.0,0.0,0.0,False
B2,7,128,128,6300,630,3.8150808191236436,3.227239839764601,3.7457826700319994,3.7523526565885104,0.0,0.0,0.0,False
B2,8,256,256,6300,630,4.74386748198595,4.146981033719746,4.7111985663872575,4.716248219185602,0.0,0.0,0.0,False
B3,1,2,2,6300,630,0.41854733711950765,0.3642745236765419,0.07652814812407327,0.08304476391566373,0.2877463755524686,0.03094310558313236,0.0,False
B3,2,4,4,6300,630,0.7457044788832778,0.6080759519667276,0.24746750966539857,0.2613294055965093,0.36060844230132905,0.03877840366494649,0.0,False
B3,3,8,8,6300,630,1.0785364955855385,0.8217138783860192,0.60477694689773,0.620592602929446,0.2169369314882892,0.023328538415243624,0.0,False
B3,4,16,16,6300,630,1.5490307820682787,1.1696935859996171,1.1864663889017368,1.2024528799326948,0.0,0.0,0.0,False
B3,5,32,32,6300,630,2.160793094920244,1.6739407684234289,1.945200851663195,1.9578875571757501,0.0,0.0,0.0,False
B3,6,64,64,6300,630,2.9317402917583237,2.3767606994417516,2.8145910133095846,2.8257429361082314,0.0,0.0,0.0,False
B3,7,128,128,6300,630,3.8136731966727524,3.226977213377907,3.7460227865078677,3.7535508424010238,0.0,0.0,0.0,False
B3,8,256,256,6300,630,4.738662087141588,4.140516143204767,4.711813692299976,4.716559688332408,0.0,0.0,0.0,False
B4,1,2,2,6300,630,0.4701716923487851,0.41921936749199235,0.07660041714803499,0.08352674759498253,0.34261895034395734,0.036843884948750315,0.0,False
B4,2,4,4,6300,630,0.8289086671938009,0.7012416060357696,0.2462107508535224,0.26020168568158936,0.4550308551822472,0.04893221597823351,0.0,False
B4,3,8,8,6300,630,1.1605945752205642,0.9177409100042554,0.6030623815587294,0.6181252604952239,0.314678528445526,0.03383928263818958,0.0,False
B4,4,16,16,6300,630,1.6026864230160545,1.2354861852278873,1.1848770035046914,1.2042069372283646,0.05060918172319595,0.005442310960581445,0.0,False
B4,5,32,32,6300,630,2.2120979422250873,1.7382985708601244,1.9442134819079455,1.9552920204675113,0.0,0.0,0.0,False
B4,6,64,64,6300,630,2.9756138835033887,2.4332292478929904,2.813641879045978,2.824107633428612,0.0,0.0,0.0,False
B4,7,128,128,6300,630,3.8297260036484833,3.247266505791169,3.745908655952381,3.7527981988491437,0.0,0.0,0.0,False
B4,8,256,256,6300,630,4.759121428885969,4.167616462121494,4.711342201665028,4.7170747855542885,0.0,0.0,0.0,False
B5,1,2,2,6300,630,0.410536251992367,0.35569094051730243,0.07577206333565605,0.08240836179262141,0.2799188771816464,0.030101367409801363,0.0,False
B5,2,4,4,6300,630,0.7355730821288269,0.5973720571801777,0.2460561496074193,0.259287651617967,0.35131590757275843,0.03777912128410325,0.0,False
B5,3,8,8,6300,630,1.0852863541405462,0.8286927361538663,0.603331241554728,0.6199285723661666,0.22536149459913835,0.024234482565991873,0.0,False
B5,4,16,16,6300,630,1.5517516761314791,1.1711549843922002,1.185977543659152,1.2026801679827792,0.0,0.0,0.0,False
B5,5,32,32,6300,630,2.1834873951740743,1.7022455493918272,1.9441640062436003,1.9584007924920421,0.0,0.0,0.0,False
B5,6,64,64,6300,630,2.949257347761705,2.398514240882664,2.8141135558714847,2.824758427079406,0.0,0.0,0.0,False
B5,7,128,128,6300,630,3.819045969915921,3.233265983472434,3.745361893789535,3.7519794138295968,0.0,0.0,0.0,False
B5,8,256,256,6300,630,4.7528341843662165,4.159382724292605,4.711409109413063,4.716841129898856,0.0,0.0,0.0,False
BGD,1,2,2,6300,630,0.09720308324009785,0.025297330408489208,0.07581176350541746,0.08316970585612848,0.0,0.0,0.0,False
BGD,2,4,4,6300,630,0.28754972091316233,0.0932438888188313,0.24585674869389146,0.25872801040086707,0.0,0.0,0.0,False
BGD,3,8,8,6300,630,0.6308864807629604,0.2842961721303499,0.6030922693546633,0.6161792034662745,0.0,0.0,0.0,False
BGD,4,16,16,6300,630,1.1937026907232813,0.7201323185711581,1.1861792948555445,1.201370952211338,0.0,0.0,0.205,False
BGD,5,32,32,6300,630,1.9529526396228079,1.4034690284143845,1.9441692392417729,1.959240194460156,0.0,0.0,0.14,False
BGD,6,64,64,6300,630,2.8147482816186873,2.2212968215450766,2.8134506308772984,2.8233316925314202,0.0,0.0,0.435,False
BGD,7,128,128,6300,630,3.7482674551633757,3.1387860501909985,3.746311930639581,3.7542372607196204,0.0,0.0,0.35,False
BGD,8,256,256,6300,630,4.7092989993543934,4.100733591233374,4.710956655406033,4.716163302925478,0.0,0.0,0.72,False
CPP,1,2,2,6300,630,0.789485809408454,0.7686468810400578,0.07677185625538784,0.08425837247163273,0.69187502478467,0.07440149993597614,0.0,False
CPP,2,4,4,6300,630,1.3891424270142636,1.3279996371861122,0.24706581367820732,0.26151783322201166,1.080933823507905,0.11623934225049914,0.0,False
CPP,3,8,8,6300,630,1.8079020694365635,1.675540524415322,0.6038157708127359,0.6188372722124047,1.0717247536025862,0.11524903534617895,0.0,False
CPP,4,16,16,6300,630,2.1638092118420413,1.9238180367862265,1.1859249114491797,1.2022897328007391,0.7378931253370469,0.07935010421081175,0.0,False
CPP,5,32,32,6300,630,2.617564230604124,2.2566614711690436,1.94482800203934,1.9567018308855364,0.31183346912970356,0.03353333622746332,0.0,False
CPP,6,64,64,6300,630,3.2196787696709386,2.752062377052643,2.8145424548124436,2.824291020632246,0.0,0.0,0.0,False
CPP,7,128,128,6300,630,3.9692860542141233,3.4318249016797746,3.7459714558035286,3.753620874543263,0.0,0.0,0.0,False
CPP,8,256,256,6300,630,4.827366299345901,4.257959756620439,4.711130164432915,4.716841129898856,0.0,0.0,0.0,False
CQ,1,2,2,6290,630,0.5265704166850469,0.4803537154546612,0.07662117011982705,0.08242487295911162,0.40373254533483416,0.043415798908523796,0.0,False
CQ,2,4,4,6290,630,0.867127416303699,0.7465970118542316,0.24691350236457926,0.2615311175722425,0.4996835094896523,0.05373398557184983,0.0,False
CQ,3,8,8,6290,630,1.1771549478279333,0.9425163108121289,0.6054309521765959,0.6202964015080223,0.337085358635533,0.03624882441268286,0.0,False
CQ,4,16,16,6290,630,1.6062004205203735,1.2416274845119464,1.1862486098098617,1.2008003708368598,0.05537887470208469,0.005955224852759967,0.0,False
CQ,5,32,32,6290,630,2.2079068246678037,1.7364505994615613,1.9405630328035608,1.9532900123506178,0.0,0.0,0.0,False
CQ,6,64,64,6290,630,2.9278910893282415,2.384988201922172,2.7785416078404124,2.788900099849825,0.0,0.0,0.0,False
CQ,7,128,124,6290,630,3.7529392318585515,3.1774667584737486,3.657492506870465,3.6650040428584254,0.0,0.0,0.0,True
CQ,8,256,244,6290,630,4.584914388670185,3.9988912043345253,4.529525383052204,4.535143538109621,0.0,0.0,0.0,True
F0,1,2,2,6300,630,0.8274174609030389,0.8101280203336553,0.07586119950463058,0.08297151663615637,0.7342668208290247,0.07896014578630378,0.0,False
F0,2,4,4,6300,630,1.5924670975117063,1.5515907380198524,0.24592412090381482,0.26123506079866265,1.3056666171160376,0.14040621680194154,0.0,False
F0,3,8,8,6300,630,2.1406632045793046,2.0484910214113987,0.6041435050386889,0.6217381410780294,1.44434751637271,0.15531941145061048,0.0,False
F0,4,16,16,6300,630,2.5707862840855196,2.3977773787852636,1.1840819649889405,1.2003585727902517,1.2136954137963232,0.13051599785664425,0.0,False
F0,5,32,32,6300,630,2.9844933894178,2.7038548540829703,1.9440726172606406,1.9561108054870615,0.7597822368223297,0.08170397256626757,0.0,False
F0,6,64,64,6300,630,3.4991261985566453,3.1077665438139093,2.8136663297575932,2.8237045782706365,0.29410021405631603,0.03162637221092303,0.0,False
F0,7,128,128,6300,630,4.160351016872822,3.6816281624318092,3.74557992936501,3.752592470277991,0.0,0.0,0.0,False
F0,8,256,256,6300,630,4.932413289537346,4.398043626376331,4.71141321013724,4.715938540217277,0.0,0.0,0.0,False
F1,1,2,2,6300,630,0.3796472953032257,0.32205399327408696,0.0764412683605873,0.08344213516363394,0.24561272491349967,0.02641221966729326,0.0,False
F1,2,4,4,6300,630,0.6552377359874875,0.5084492405573564,0.24658056239152257,0.2588940594829304,0.2618686781658338,0.028160320496975887,0.0,False
F1,3,8,8,6300,630,0.9703016970254588,0.6926401514575432,0.6041961187877632,0.6232862107231517,0.08844403266977996,0.00951092098326008,0.0,False
F1,4,16,16,6300,630,1.4476676970735607,1.0419955915283545,1.1866431495472467,1.2017128632920118,0.0,0.0,0.0,False
F1,5,32,32,6300,630,2.1051968360919098,1.6012840682385505,1.9432499028536023,1.9576525167957262,0.0,0.0,0.0,False
F1,6,64,64,6300,630,2.9122613695939332,2.350297301285756,2.8137632061789573,2.8240679391843324,0.0,0.0,0.0,False
F1,7,128,128,6300,630,3.793605028491344,3.1996955699920537,3.7458033187896036,3.753349314822036,0.0,0.0,0.0,False
F1,8,256,256,6300,630,4.736439864919367,4.137377924131188,4.711407584174995,4.71720449081255,0.0,0.0,0.0,False
F2,1,2,2,6300,630,0.4073668724062287,0.35080406683486776,0.07644110735013104,0.08426524772633161,0.2743629594847367,0.029503906025356155,0.0,False
F2,2,4,4,6300,630,0.6976973682165664,0.5541148617661886,0.24587864631882922,0.25937218940594203,0.3082362154473594,0.03314650181369052,0.0,False
F2,3,8,8,6300,630,1.028924053130254,0.7635139654492527,0.6058561502463132,0.6229031425273083,0.15765781520293942,0.016953897029854947,0.0,False
F2,4,16,16,6300,630,1.4947493796454498,1.1014432315935778,1.1862879990828938,1.200987854831503,0.0,0.0,0.0,False
F2,5,32,32,6300,630,2.131937903494981,1.6355821096653256,1.9442656294087377,1.9594334694765831,0.0,0.0,0.0,False
F2,6,64,64,6300,630,2.914111934611345,2.3536363611866244,2.813903580930985,2.8237063684491237,0.0,0.0,0.0,False
F2,7,128,128,6300,630,3.804149387148943,3.2139039160550853,3.746607939880987,3.754189653710512,0.0,0.0,0.0,False
F2,8,256,256,6300,630,4.741800886746482,4.144570939661019,4.711317318034127,4.716202318589367,0.0,0.0,0.0,False
F3,1,2,2,6300,630,0.5663050678620607,0.525314208763787,0.07664190684018299,0.08373297761275243,0.44867230192360397,0.04824844234438528,0.0,False
F3,2,4,4,6300,630,0.9834926961984465,0.8782675578986879,0.2450561642124044,0.25804816971174266,0.6332113936862835,0.06809304538991252,0.0,False
F3,3,8,8,6300,630,1.3053431819897803,1.0932899109003866,0.6034877762101729,0.6204119845219881,0.4898021346902137,0.05267138166193619,0.0,False
F3,4,16,16,6300,630,1.7196347306205286,1.3823188901079186,1.1863374431144635,1.2043491279218812,0.1959814469934551,0.021075068608632255,0.0,False
F3,5,32,32,6300,630,2.298785393613919,1.8517789301511798,1.9440730827884183,1.956186733663656,0.0,0.0,0.0,False
F3,6,64,64,6300,630,3.025562875555279,2.499551683662906,2.8137771582250455,2.8250740020820855,0.0,0.0,0.0,False
F3,7,128,128,6300,630,3.8621854308086636,3.2908323947740663,3.7460163442062395,3.752516757282698,0.0,0.0,0.0,False
F3,8,256,256,6300,630,4.770951480475329,4.183568499541965,4.711602760206714,4.716329923351546,0.0,0.0,0.0,False
F4,1,2,2,6300,630,0.7133729517636631,0.6860075458293408,0.07636837129789402,0.08335477395630732,0.6096391745314468,0.0655581823017627,0.0,False
F4,2,4,4,6300,630,1.3518437336025233,1.2872659555817791,0.24640125107019198,0.2595537876500244,1.040864704511587,0.11193046789075911,0.0,False
F4,3,8,8,6300,630,1.7534455745753696,1.6130690571047452,0.6042022621584995,0.6194871965454818,1.0088667949462458,0.10848953942652087,0.0,False
F4,4,16,16,6300,630,2.1342637731889855,1.8875171213544049,1.1845410796874318,1.1991463565687432,0.702976041666973,0.07559525932498573,0.0,False
F4,5,32,32,6300,630,2.6017771411453445,2.2354929002085355,1.944137705934994,1.958064361067235,0.2913551942735415,0.03133118365536573,0.0,False
F4,6,64,64,6300,630,3.215059617435209,2.746069229539876,2.8130888435772716,2.8236666742048424,0.0,0.0,0.0,False
F4,7,128,128,6300,630,3.9714986311263765,3.4349534754433857,3.745907395654731,3.7541998458733308,0.0,0.0,0.0,False
F4,8,256,256,6300,630,4.843195424929389,4.279857361344175,4.710772928480493,4.7162062092639365,0.0,0.0,0.0,False
F5,1,2,2,6300,630,0.7730033454749758,0.7511339206488019,0.07697515472796411,0.08461397691572933,0.6741587659208378,0.0724963636244965,0.0,False
F5,2,4,4,6300,630,1.3742168831287422,1.3119290972363933,0.24671395966627124,0.2594768754137132,1.065215137570122,0.11454901701993087,0.0,False
F5,3,8,8,6300,630,1.8150308727610707,1.6839288234104466,0.6045398359740908,0.6214979138325807,1.0793889874363558,0.11607321669781825,0.0,False
F5,4,16,16,6300,630,2.1847483511211205,1.948879161896417,1.1855379547836085,1.2019762113014967,0.7633412071128085,0.08208669013570377,0.0,False
F5,5,32,32,6300,630,2.615540654554927,2.2537218982684886,1.9442865792774284,1.9571970209627707,0.30943531899106014,0.03327544865962942,0.0,False
F5,6,64,64,6300,630,3.221698681023897,2.7557997825018976,2.8140784013279063,2.8246206301544072,0.0,0.0,0.0,False
F5,7,128,128,6300,630,3.980165718990886,3.447628049532587,3.74611500515873,3.7523990343657405,0.0,0.0,0.0,False
F5,8,256,256,6300,630,4.83477385253839,4.269374796037621,4.711220998659088,4.716329923351546,0.0,0.0,0.0,False
GCT,1,2,2,6290,630,0.7119243537735702,0.6846301232702655,0.07624616270184194,0.08291084504830826,0.6083839605684236,0.06542320156355992,0.0,False
GCT,2,4,4,6290,630,1.2593422518075403,1.185372593510769,0.24744330598261896,0.2614901276492584,0.9379292875281501,0.1008612008327577,0.0,False
GCT,3,8,8,6290,630,1.6092731741318929,1.4498656934613317,0.6046627017174682,0.6208673601278224,0.8452029917438635,0.09088978223442767,0.0,False
GCT,4,16,16,6290,630,1.9815819146083307,1.7056578869152585,1.187429573988029,1.20160550972881,0.5182283129272296,0.05572822028526937,0.0,False
GCT,5,32,32,6290,630,2.4688072051438823,2.069944458545169,1.9455062069235947,1.9585600159439946,0.12443825162157429,0.01338159673119723,0.0,False
GCT,6,64,64,6290,630,3.133631084740312,2.640385347787734,2.815689849690573,2.826196445920216,0.0,0.0,0.0,False
GCT,7,128,128,6290,630,3.932184856625618,3.382974478977188,3.7477854459238324,3.7557307057410494,0.0,0.0,0.0,False
GCT,8,256,256,6290,630,4.809977704712976,4.235078639532024,4.713212694302651,4.718427205898124,0.0,0.0,0.0,False
GNE,1,2,2,6300,630,0.21999804466928907,0.15278677570089055,0.07643871384603569,0.08420504446820488,0.07634806185485486,0.008210168188935251,0.0,False
GNE,2,4,4,6300,630,0.43542657770792914,0.2578376881508829,0.24661470265896523,0.26214185092012876,0.011222985491917692,0.0012068754102205841,0.0,False
GNE,3,8,8,6300,630,0.7747419346745641,0.45826502253035023,0.604442089101701,0.6209904706358925,0.0,0.0,0.0,False
GNE,4,16,16,6300,630,1.3052336969319516,0.8634942153645213,1.185537554108311,1.2031829455701155,0.0,0.0,0.0,False
GNE,5,32,32,6300,630,2.0197172379404194,1.4907290562811328,1.9444487872356018,1.9582054229471022,0.0,0.0,0.0,False
GNE,6,64,64,6300,630,2.86367908690875,2.2866010705531643,2.8131188343285634,2.8227924170614362,0.0,0.0,0.0,False
GNE,7,128,128,6300,630,3.7775901311914097,3.178413690796811,3.745969238353116,3.754299595278335,0.0,0.0,0.0,False
GNE,8,256,256,6300,630,4.7239810990470374,4.120339174002068,4.711017193907088,4.715904621962348,0.0,0.0,0.0,False
HNR,1,2,2,6300,630,0.6240276161475613,0.5873877420932384,0.07687906276651606,0.08515881503363269,0.5105086793267224,0.054898081462130544,0.0,False
HNR,2,4,4,6300,630,1.0610462748139966,0.9626911128994237,0.24558966055814982,0.26021708491815476,0.7171014523412739,0.07711425004402016,0.0,False
HNR,3,8,8,6300,630,1.3828584500535612,1.1845451317345386,0.6050785928599843,0.6219461894976593,0.5794665388745542,0.06231353656448784,0.0,False
HNR,4,16,16,6300,630,1.7732843295887442,1.4500519406657646,1.1857716074306905,1.200913774794807,0.26428033323507405,0.028419660331558752,0.0,False
HNR,5,32,32,6300,630,2.313590331570424,1.8720798492158335,1.9444080898029779,1.9576625186859535,0.0,0.0,0.0,False
HNR,6,64,64,6300,630,3.0247087217547364,2.4988120294687834,2.8137115795024403,2.822576114282766,0.0,0.0,0.0,False
HNR,7,128,128,6300,630,3.8661044714334096,3.2956674322501702,3.7462937090575106,3.7538584208732626,0.0,0.0,0.0,False
HNR,8,256,256,6300,630,4.7760570038144365,4.190277017370949,4.710994971684866,4.716132286447129,0.0,0.0,0.0,False
IHI,1,2,2,6300,630,0.35716296785420454,0.29819567054802865,0.07605797408291293,0.08390985670914305,0.22213769646511572,0.023887808082783384,0.0,False
IHI,2,4,4,6300,630,0.6360678584888984,0.4840123811634584,0.24620492261697688,0.2589595765239571,0.23780745854648153,0.02557287223559963,0.0,False
IHI,3,8,8,6300,630,0.9848816661768005,0.7071056210024651,0.6037172262650473,0.6188422526010887,0.10338839473741779,0.011117978491607932,0.0,False
IHI,4,16,16,6300,630,1.486719953606757,1.0882613232659957,1.1874831904769332,1.202159956615132,0.0,0.0,0.0,False
IHI,5,32,32,6300,630,2.1552329389643923,1.6641441270300459,1.9445342957950482,1.9596508700714421,0.0,0.0,0.0,False
IHI,6,64,64,6300,630,2.9347274508544103,2.3788318616864803,2.8139150500777923,2.823851874996159,0.0,0.0,0.0,False
IHI,7,128,128,6300,630,3.8116445111090815,3.2230020345051003,3.7460759455951624,3.7527122936910318,0.0,0.0,0.0,False
IHI,8,256,256,6300,630,4.745652420477668,4.149452969849984,4.71130201310356,4.716326032676979,0.0,0.0,0.0,False
LHR,1,2,2,6300,630,0.34125781329477256,0.2814890187436584,0.07605398964176607,0.08341188106632166,0.20543502910189232,0.022091669386864625,0.0,False
LHR,2,4,4,6300,630,0.6290309603867428,0.475944986603525,0.24592799351990077,0.26007742209039436,0.23001699308362425,0.024735116434519235,0.0,False
LHR,3,8,8,6300,630,0.9638518459168424,0.6849308046783095,0.6042451188442874,0.6214800220424778,0.08068568583402203,0.008676619092129417,0.0,False
LHR,4,16,16,6300,630,1.4473313816857925,1.0407432792892282,1.1857292214025608,1.2037455423317938,0.0,0.0,0.0,False
LHR,5,32,32,6300,630,2.097593318357072,1.5904745615239595,1.9434537342626408,1.9563426709640068,0.0,0.0,0.0,False
LHR,6,64,64,6300,630,2.903365838803463,2.3384247807283725,2.8130823918133943,2.8231176587280333,0.0,0.0,0.0,False
LHR,7,128,128,6300,630,3.7904985934981497,3.1952151397218227,3.7457430872518556,3.7529898445829124,0.0,0.0,0.0,False
LHR,8,256,256,6300,630,4.730252491904867,4.1287860593818735,4.711169055000713,4.7162062092639365,0.0,0.0,0.0,False
MFDR,1,2,2,6290,630,0.505610955835607,0.45916489132368093,0.07683051401455511,0.08418930906718289,0.38233437730912584,0.04111472466828765,0.0,False
MFDR,2,4,4,6290,630,0.8719400330206799,0.7495747223188894,0.24709151437663862,0.2622259849054089,0.5024832079422508,0.0540350540550005,0.0,False
MFDR,3,8,8,6290,630,1.210202112123337,0.9793479692529489,0.60580579517613,0.6207015094506049,0.3735421740768189,0.04016924595494753,0.0,False
MFDR,4,16,16,6290,630,1.6486918578056837,1.2915732284473187,1.1880741640499872,1.2029870449176268,0.10349906439733148,0.011129879468518532,0.0,False
MFDR,5,32,32,6290,630,2.2536056335682932,1.7912092579828958,1.9456766490468655,1.9607410122455649,0.0,0.0,0.0,False
MFDR,6,64,64,6290,630,3.0041376104589936,2.4704092543145393,2.8153625250184655,2.824678246495683,0.0,0.0,0.0,False
MFDR,7,128,128,6290,630,3.8572022900875265,3.2834500413142766,3.748551600594057,3.7565064448113112,0.0,0.0,0.0,False
MFDR,8,256,256,6290,630,4.771598187134032,4.183854778186819,4.713147963320957,4.718351372532408,0.0,0.0,0.0,False
NAQ,1,2,2,6290,630,0.5935012639225477,0.555312277546075,0.07621728020667173,0.08388423517585242,0.4790949973394033,0.051519978517750226,0.0,False
NAQ,2,4,4,6290,630,1.0350009151502029,0.9359159775247605,0.24627124856856383,0.25839423534613803,0.6896447289561967,0.07416166275585678,0.0,False
NAQ,3,8,8,6290,630,1.3736429038533586,1.1739821672724615,0.6042106025805011,0.6194878220443045,0.5697715646919604,0.06127097743865433,0.0,False
NAQ,4,16,16,6290,630,1.7819958891191519,1.458478980506452,1.1873531468303211,1.2046709531423683,0.27112583367613086,0.029155798336808366,0.0,False
NAQ,5,32,32,6290,630,2.3384393358687614,1.9002407864858735,1.9449820215265954,1.957106102987263,0.0,0.0,0.0,False
NAQ,6,64,64,6290,630,3.063018857054475,2.5476395634332505,2.8154075029750674,2.8264598549032076,0.0,0.0,0.0,False
NAQ,7,128,128,6290,630,3.8797307245772004,3.312859374250162,3.7480879406477015,3.7563747403198144,0.0,0.0,0.0,False
NAQ,8,256,256,6290,630,4.779468939286922,4.193904481514342,4.713121474201298,4.718031303673055,0.0,0.0,0.0,False
RMS,1,2,2,6300,630,0.6187399421548463,0.5816420696748443,0.07619520984538632,0.08327296822232774,0.505446859829458,0.05435375344115761,0.0,False
RMS,2,4,4,6300,630,1.0864935181408821,0.9913443452060624,0.24617905065428153,0.2610430937209634,0.7451652945517808,0.08013212448612496,0.0,False
RMS,3,8,8,6300,630,1.4488516392428643,1.2591257914053235,0.6044485470417811,0.6213488737469663,0.6546772443635425,0.07040139795443356,0.0,False
RMS,4,16,16,6300,630,1.8479702592141525,1.5361878309331487,1.186728749481293,1.2012504636603016,0.34945908145185567,0.037579445557177765,0.0,False
RMS,5,32,32,6300,630,2.386413901128961,1.9609333636731365,1.9435442558302967,1.9551105668965647,0.017389107842839868,0.0018699557863913216,0.0,False
RMS,6,64,64,6300,630,3.075593146259605,2.5630929079247635,2.8138146853778356,2.8234327082318122,0.0,0.0,0.0,False
RMS,7,128,128,6300,630,3.8938096450018733,3.3312730786615976,3.7456054503174467,3.75338533357305,0.0,0.0,0.0,False
RMS,8,256,256,6300,630,4.793195760711427,4.2126827561632485,4.7107737686789255,4.716018454204737,0.0,0.0,0.0,False
SHR,1,2,2,6300,630,0.6214130172091767,0.5840861455163353,0.07627121678373386,0.08332732755921118,0.5078149287326015,0.05460840619206511,0.0,False
SHR,2,4,4,6300,630,1.0869183040804025,0.9898226378364469,0.2460026226686276,0.2627832235546574,0.7438200151678193,0.07998745846926615,0.0,False
SHR,3,8,8,6300,630,1.4064854140499499,1.2119505827427792,0.603932738155727,0.6210748893841626,0.6080178445870522,0.06538383090095645,0.0,False
SHR,4,16,16,6300,630,1.8107859694798325,1.4952250541869767,1.1849213764837772,1.2006261844009942,0.31030367770319955,0.033368828516325,0.0,False
SHR,5,32,32,6300,630,2.3458256399831203,1.9138186249613696,1.94517893355138,1.9582654969580158,0.0,0.0,0.0,False
SHR,6,64,64,6300,630,3.0404293135885645,2.520372101230019,2.813740592039908,2.8244632129931686,0.0,0.0,0.0,False
SHR,7,128,128,6300,630,3.861919625722839,3.2912535873267603,3.746207309732162,3.752988054404425,0.0,0.0,0.0,False
SHR,8,256,256,6300,630,4.770294501826534,4.18291152089317,4.711284972885316,4.716326032676977,0.0,0.0,0.0,False
SPI,1,2,2,6300,630,0.30439723416534115,0.24176594945373298,0.07619102498033913,0.08186459557453656,0.16557492447339384,0.017805271604420865,0.0,False
SPI,2,4,4,6300,630,0.5618839574421308,0.4005540119966904,0.2460347736568904,0.26014293951704276,0.1545192383398,0.016616386904591215,0.0,False
SPI,3,8,8,6300,630,0.8918030598829283,0.5971955725648884,0.6046085244382018,0.6212388423347074,0.0,0.0,0.0,False
SPI,4,16,16,6300,630,1.4044165012932055,0.9860349394354061,1.1865209020022014,1.2020995484289139,0.0,0.0,0.0,False
SPI,5,32,32,6300,630,2.09658342380186,1.5899226653944267,1.9438323522388514,1.9565339346530748,0.0,0.0,0.0,False
SPI,6,64,64,6300,630,2.8985818760276825,2.3323813222819743,2.813627390963244,2.8237621508905777,0.0,0.0,0.0,False
SPI,7,128,128,6300,630,3.792277325637915,3.198024368319366,3.746146885339596,3.7549602707743484,0.0,0.0,0.0,False
SPI,8,256,256,6300,630,4.733900182379685,4.1340367443465675,4.711480654938821,4.717272422458706,0.0,0.0,0.0,False
SQ,1,2,2,5824,629,0.40930600883004153,0.35096900983805135,0.08376166348622054,0.09196805315266561,0.2672073463518308,0.02873441972945255,0.0,False
SQ,2,4,4,5824,629,0.7822385644279564,0.6401737282415174,0.26906564381919756,0.281936024994409,0.37110808442231985,0.03990749359392,0.0,False
SQ,3,8,8,5824,629,1.1887396852762393,0.9409003328707778,0.6461623804183136,0.6624665192008269,0.29473795245246415,0.03169495207222811,0.0,False
SQ,4,16,16,5824,629,1.6532894163246947,1.2839456137894192,1.241221356352207,1.256924949787083,0.0427242574372122,0.004594397431774161,0.0,False
SQ,5,32,32,5824,629,2.271512270959457,1.7999858268777018,2.0085580348626313,2.0210795952367087,0.0,0.0,0.0,False
SQ,6,64,64,5824,629,3.0275548412780804,2.4855533389660867,2.8824966419004046,2.8936678034337655,0.0,0.0,0.0,False
SQ,7,128,128,5824,629,3.895351933250092,3.3194134081699342,3.812409513299016,3.8202059920406035,0.0,0.0,0.0,False
SQ,8,256,253,5824,629,4.794082603487535,4.210588755820304,4.746607829328418,4.752530172917102,0.0,0.0,0.0,True
SSPF,1,2,2,5955,630,0.48130785846676005,0.42994743047877343,0.08145482657587637,0.08992244754361653,0.34849260390289705,0.037475514389378566,0.0,False
SSPF,2,4,4,5955,630,0.8279767159379663,0.6964261857611893,0.26273555641382507,0.2746006751227823,0.43369062934736424,0.0466373726117138,0.0,False
SSPF,3,8,8,5955,630,1.1514445079556275,0.9014258207688247,0.6395659744152035,0.6543257008511956,0.26185984635362125,0.028159370758869682,0.0,False
SSPF,4,16,16,5955,630,1.6085743924301212,1.2310025668674933,1.2371104425188704,1.255636421052729,0.0,0.0,0.0,False
SSPF,5,32,32,5955,630,2.2374891166519415,1.755621705009935,2.0074640387652143,2.019749168383393,0.0,0.0,0.0,False
SSPF,6,64,64,5955,630,3.0148704095776626,2.466622067422881,2.8842207256100436,2.8954407641949604,0.0,0.0,0.0,False
SSPF,7,128,128,5955,630,3.8933150610425926,3.3119973867163006,3.8199029029877023,3.827392343885161,0.0,0.0,0.0,False
SSPF,8,256,256,5955,630,4.821592713176052,4.230826658229329,4.786909650012232,4.792369225872613,0.0,0.0,0.0,False
VOT,1,2,2,5679,630,0.13527547229419845,0.05677700995317192,0.0850225735957724,0.0924975647676284,0.0,0.0,0.0,False
VOT,2,4,4,5679,630,0.3181230432488036,0.10587234653059105,0.27741281055834566,0.2929528500906325,0.0,0.0,0.0,False
VOT,3,8,8,5679,630,0.7063700607218628,0.34753809290082727,0.6690127917625114,0.6869398932155087,0.0,0.0,0.0,False
VOT,4,16,16,5679,630,1.30056108529274,0.8233463231321629,1.2806495413045218,1.2970879970173286,0.0,0.0,0.025,False
VOT,5,32,32,5679,630,2.068128329471369,1.5169878309313787,2.060162588664595,2.0722584641746784,0.0,0.0,0.145,False
VOT,6,64,64,5679,630,2.9513637093572225,2.3651656451115306,2.940267685318022,2.950439872741616,0.0,0.0,0.02,False
VOT,7,128,128,5679,630,3.8836332802114715,3.284733199405743,3.8722923688616504,3.8798057237515833,0.0,0.0,0.005,False
VOT,8,256,255,5679,630,4.816440175465495,4.221477719793378,4.808789710099225,4.814331443514408,0.0,0.0,0.005,True
VTLE,1,2,2,6300,630,0.6075719979647207,0.5704741254847188,0.07603606635048737,0.08415190344091394,0.4944380591342314,0.05316991061567624,0.0,False
VTLE,2,4,4,6300,630,1.1005839006743123,1.0101292116027027,0.24540184372377408,0.2580184563833776,0.7647273678789287,0.08223575237448576,0.0,False
VTLE,3,8,8,6300,630,1.4239685486570934,1.2340137016067132,0.6032467816792865,0.6211674742645288,0.6307669199274267,0.06783017636342947,0.0,False
VTLE,4,16,16,6300,630,1.8206904099543415,1.5089079816733377,1.1851488051790715,1.2019114341784802,0.3237591764942662,0.03481577956467892,0.0,False
VTLE,5,32,32,6300,630,2.3523306114844296,1.920209096856259,1.9440067735976174,1.9562953123863345,0.0,0.0,0.0,False
VTLE,6,64,64,6300,630,3.0477008681227655,2.529704648679776,2.8144905311468484,2.8238602052533914,0.0,0.0,0.0,False
VTLE,7,128,128,6300,630,3.8612688534259956,3.2902593162106575,3.746079151230097,3.753001826924215,0.0,0.0,0.0,False
VTLE,8,256,256,6300,630,4.763034924446611,4.173247451778432,4.711223037091652,4.717152599045665,0.0,0.0,0.0,False
alpha_ratio,1,2,2,6300,630,0.4199525173100227,0.36613770229273596,0.07664162152798489,0.08477983000286073,0.2894960807647511,0.031131261951806204,0.0,False
alpha_ratio,2,4,4,6300,630,0.7507200382445927,0.6125190132959435,0.2463176839006162,0.25949975609599624,0.3662013293953273,0.03937984059193419,0.0,False
alpha_ratio,3,8,8,6300,630,1.1064597877497135,0.8537591563813054,0.603962672917336,0.6185940272837651,0.24979648346396943,0.026862124491682307,0.0,False
alpha_ratio,4,16,16,6300,630,1.5672020231234747,1.189811320363949,1.1854041976299028,1.2002183538666278,0.004407122734046309,0.00047392452403818977,0.0,False
alpha_ratio,5,32,32,6300,630,2.197569925685656,1.7188470712446433,1.9444793985707072,1.958137611345953,0.0,0.0,0.0,False
alpha_ratio,6,64,64,6300,630,2.956728097790476,2.4088474810719296,2.813194156881,2.8249064878943226,0.0,0.0,0.0,False
alpha_ratio,7,128,128,6300,630,3.8230895954874278,3.238683604320978,3.7457626342284294,3.752802089523713,0.0,0.0,0.0,False
alpha_ratio,8,256,256,6300,630,4.7521992637312955,4.158633304051265,4.711283020375322,4.7166434929944385,0.0,0.0,0.0,False
dCPP,1,2,2,6300,630,0.7628548174039693,0.7386954004494002,0.07691474865610305,0.0839315910598386,0.6617806517932971,0.07116527025578538,0.0,False
dCPP,2,4,4,6300,630,1.3122040253186942,1.2432752622539993,0.2470307634833333,0.26039873624457305,0.996244498770666,0.10713218768746721,0.0,False
dCPP,3,8,8,6300,630,1.692634971554213,1.5449304792727239,0.6045310266243936,0.6235006114154727,0.9403994526483302,0.10112683260648465,0.0,False
dCPP,4,16,16,6300,630,2.0602288832393736,1.8002002770601009,1.1859824531545116,1.2014761242848082,0.6142178239055893,0.06605055212133112,0.0,False
dCPP,5,32,32,6300,630,2.535008236455461,2.152007052981367,1.945392974369408,1.958484668881172,0.20661407861195902,0.022218459701452208,0.0,False
dCPP,6,64,64,6300,630,3.157448696743348,2.6715123670978906,2.8141355303480795,2.822690256842752,0.0,0.0,0.0,False
dCPP,7,128,128,6300,630,3.9421937432667047,3.3969466174958125,3.745669830297471,3.7528342176001557,0.0,0.0,0.0,False
dCPP,8,256,256,6300,630,4.820766130304184,4.250214591514525,4.7114826933713845,4.71685311224016,0.0,0.0,0.0,False
jitter,1,2,2,6300,630,0.3110478584075924,0.2481875744831447,0.07629458972347754,0.08289185742608503,0.1718929847596672,0.018484690784396265,0.0,False
jitter,2,4,4,6300,630,0.5848415647594702,0.4252291134103262,0.24716312500580856,0.25870053894525036,0.17806598840451765,0.019148511147662105,0.0,False
jitter,3,8,8,6300,630,0.92966251357789,0.642726499889974,0.6051374008246693,0.622093115187005,0.03758909906530472,0.004042182838686905,0.0,False
jitter,4,16,16,6300,630,1.4297238737489035,1.0185557870955488,1.1848757803522576,1.1997841982627315,0.0,0.0,0.0,False
jitter,5,32,32,6300,630,2.0947809630917575,1.5878912054714844,1.9439949053612722,1.9563333665205809,0.0,0.0,0.0,False
jitter,6,64,64,6300,630,2.9070375814319345,2.3440430166659794,2.814213150117688,2.8222946727163185,0.0,0.0,0.0,False
jitter,7,128,128,6300,630,3.7947812046078866,3.201100745321436,3.746311589474187,3.75254867017784,0.0,0.0,0.0,False
jitter,8,256,256,6300,630,4.73751206928479,4.13890812692229,4.711283564601578,4.716964843986467,0.0,0.0,0.0,False
semitone_SD_F0,1,2,2,6300,630,0.3168729536985353,0.2545851678061864,0.07636039628887095,0.08450489867979245,0.17822477151731544,0.019165586054738476,0.0,False
semitone_SD_F0,2,4,4,6300,630,0.6295457568724938,0.4746277893865599,0.24722590880105397,0.2607796548279273,0.22740188058550595,0.02445389759384512,0.0,False
semitone_SD_F0,3,8,8,6300,630,0.9731627757560748,0.6933257376661839,0.6042660237556393,0.6192488494533264,0.08905971391054457,0.009577128905434443,0.0,False
semitone_SD_F0,4,16,16,6300,630,1.4712291375508197,1.069564518230305,1.1871850095529524,1.2014537651483277,0.0,0.0,0.0,False
semitone_SD_F0,5,32,32,6300,630,2.1210884972238304,1.6206107175630637,1.9451143320256967,1.9577727507471656,0.0,0.0,0.0,False
semitone_SD_F0,6,64,64,6300,630,2.9193751910392933,2.3591286168274124,2.8140559308516053,2.8251801481116328,0.0,0.0,0.0,False
semitone_SD_F0,7,128,128,6300,630,3.798499604919826,3.205620642878314,3.746697864672497,3.753664674643414,0.0,0.0,0.0,False
semitone_SD_F0,8,256,256,6300,630,4.7421603569856075,4.144701410687305,4.711601413986495,4.71720449081255,0.0,0.0,0.0,False
shimmer,1,2,2,6300,630,0.4583757570185085,0.4063929357039379,0.07610537913046493,0.08343516346228803,0.330287556573473,0.03551781570219711,0.0,False
shimmer,2,4,4,6300,630,0.7778505531259974,0.6449165100726572,0.24716460071246002,0.2611605319272055,0.3977519093601971,0.042772665002624326,0.0,False
shimmer,3,8,8,6300,630,1.0992620620385534,0.8467904298829847,0.6040243526431284,0.6177632016102563,0.24276607723985633,0.026106102450857763,0.0,False
shimmer,4,16,16,6300,630,1.5516000094196318,1.1740948070536863,1.1857987257169906,1.2012974432225334,0.0,0.0,0.0,False
shimmer,5,32,32,6300,630,2.1820897557376817,1.7029089028709903,1.9445614862081322,1.957706896187898,0.0,0.0,0.0,False
shimmer,6,64,64,6300,630,2.9577259276225387,2.4113338057874487,2.8133752677785715,2.8231573529723146,0.0,0.0,0.0,False
shimmer,7,128,128,6300,630,3.8218555577872984,3.2373350670144285,3.7454055672717756,3.752770176628571,0.0,0.0,0.0,False
shimmer,8,256,256,6300,630,4.746047694286506,4.15019174247808,4.711289789680888,4.71665337483966,0.0,0.0,0.0,False
spectral_entropy,1,2,2,6300,630,0.5131616273094242,0.46495729300670563,0.0762447912095225,0.08431425042504018,0.38871250179718314,0.04180060291463357,0.0,False
spectral_entropy,2,4,4,6300,630,0.8586928417385682,0.736178262869426,0.2466519727955181,0.25948447702905747,0.4895262900739079,0.05264171842440452,0.0,False
spectral_entropy,3,8,8,6300,630,1.1792374063516515,0.9442842139783061,0.6054090733499641,0.6198840197850928,0.338875140628342,0.036441290479607064,0.0,False
spectral_entropy,4,16,16,6300,630,1.6027094045352737,1.2361961643856252,1.1874169641089554,1.2043575721656032,0.04877920027666982,0.005245522003617829,0.0,False
spectral_entropy,5,32,32,6300,630,2.2133124373640136,1.7419175577338657,1.9443320097196186,1.956958732422824,0.0,0.0,0.0,False
spectral_entropy,6,64,64,6300,630,2.967755624607886,2.4237679945076107,2.813209306652768,2.823005521527834,0.0,0.0,0.0,False
spectral_entropy,7,128,128,6300,630,3.8307761500000304,3.248431151749136,3.7465678300693774,3.7554577048018682,0.0,0.0,0.0,False
spectral_entropy,8,256,256,6300,630,4.75598883563303,4.163109873591518,4.711448674998417,4.7166494841650906,0.0,0.0,0.0,False
spectral_flux,1,2,2,6300,630,0.21051401622939814,0.14318824765457985,0.076045683327135,0.08298417755570524,0.06714256432744485,0.007220245443986647,0.0,False
spectral_flux,2,4,4,6300,630,0.44394842560224745,0.26750453210939884,0.24575319085517455,0.2593479239337804,0.021751341254224288,0.002339053090458399,0.0,False
spectral_flux,3,8,8,6300,630,0.8025107527107771,0.4922168193132302,0.6047799069531304,0.6214152088258104,0.0,0.0,0.0,False
spectral_flux,4,16,16,6300,630,1.3334405439441674,0.8986855383683425,1.186141888587003,1.2041452032948996,0.0,0.0,0.0,False
spectral_flux,5,32,32,6300,630,2.0408218069175383,1.5184746024305977,1.9444798182128549,1.95687841959572,0.0,0.0,0.0,False
spectral_flux,6,64,64,6300,630,2.86638060278314,2.2897605848532336,2.8130964158937024,2.8241096387883986,0.0,0.0,0.0,False
spectral_flux,7,128,128,6300,630,3.7648559149232863,3.1608704910590575,3.7461518949899846,3.754453432082603,0.0,0.0,0.0,False
spectral_flux,8,256,256,6300,630,4.7187819105546325,4.113422491413367,4.711149181020203,4.7162062092639365,0.0,0.0,0.015,False
spectral_kurtosis,1,2,2,6300,630,0.3563415338002436,0.2973742364940677,0.07613170088173792,0.08387376890238628,0.22124253561232976,0.02379154603003481,0.0,False
spectral_kurtosis,2,4,4,6300,630,0.6380374248020146,0.4875849419664513,0.24699463993247725,0.2622243605007079,0.24059030203397405,0.025872128202558325,0.0,False
spectral_kurtosis,3,8,8,6300,630,0.9836009427845482,0.7092598858028056,0.6050173780737771,0.6200528208383489,0.10424250772902854,0.011209826419939239,0.0,False
spectral_kurtosis,4,16,16,6300,630,1.4781841290698576,1.0802979967611952,1.185395739188225,1.200562810882994,0.0,0.0,0.0,False
spectral_kurtosis,5,32,32,6300,630,2.1312600756360958,1.6338737853486627,1.9434239241059306,1.9570802508780554,0.0,0.0,0.0,False
spectral_kurtosis,6,64,64,6300,630,2.9249335978295594,2.365946519288296,2.813501301925503,2.8224761262872664,0.0,0.0,0.0,False
spectral_kurtosis,7,128,128,6300,630,3.810818595471325,3.2216036208352454,3.745805388253927,3.7534211371427606,0.0,0.0,0.0,False
spectral_kurtosis,8,256,256,6300,630,4.743899185309793,4.14701273704359,4.7112369027067205,4.716976826327771,0.0,0.0,0.0,False
spectral_rolloff,1,2,2,6300,630,0.4041724898647665,0.34875468035760315,0.07592716690772866,0.08349481000191776,0.2728275134498745,0.029338790240030544,0.0,False
spectral_rolloff,2,4,4,6300,630,0.705775111916882,0.5648260964141587,0.24565250035343733,0.2594886183381549,0.3191735960607214,0.034322664406433424,0.0,False
spectral_rolloff,3,8,8,6300,630,1.033303332801676,0.7672062474821562,0.6027492173370507,0.6192678236669142,0.1644570301451055,0.01768505767587147,0.0,False
spectral_rolloff,4,16,16,6300,630,1.5031778895126973,1.1103297398865042,1.1874996948217038,1.2014971745342853,0.0,0.0,0.0,False
spectral_rolloff,5,32,32,6300,630,2.155622606343295,1.6653352916538868,1.9445857057576967,1.9583852297937667,0.0,0.0,0.0,False
spectral_rolloff,6,64,64,6300,630,2.931201577932418,2.37438999191313,2.813545574016358,2.823664668845054,0.0,0.0,0.0,False
spectral_rolloff,7,128,128,6300,630,3.8103030626998162,3.220744589244477,3.746013892847169,3.754337332480733,0.0,0.0,0.0,False
spectral_rolloff,8,256,256,6300,630,4.7470458719146436,4.151075420499798,4.711195467653299,4.716323198883437,0.0,0.0,0.0,False
spectral_skewness,1,2,2,6300,630,0.35701216358394383,0.2978158670649284,0.07613214173297428,0.08275001056993556,0.22168372533195413,0.023838989825114135,0.0,False
spectral_skewness,2,4,4,6300,630,0.6370852727099496,0.48422829813957136,0.24657652274763067,0.2593404942787928,0.23765177539194068,0.02555613068575657,0.0,False
spectral_skewness,3,8,8,6300,630,0.9911917419645881,0.7166216857700061,0.6036883731007154,0.6206955725930736,0.11293331266929063,0.012144401162549341,0.0,False
spectral_skewness,4,16,16,6300,630,1.4694122962000744,1.0668316800282018,1.1849914387908265,1.1993660723154904,0.0,0.0,0.0,False
spectral_skewness,5,32,32,6300,630,2.1266030137245657,1.626697732095898,1.9442348673409362,1.9595211698976835,0.0,0.0,0.0,False
spectral_skewness,6,64,64,6300,630,2.922329873557379,2.3623122985583374,2.813827686426971,2.8241478531717905,0.0,0.0,0.0,False
spectral_skewness,7,128,128,6300,630,3.8044232789545838,3.212689312977269,3.7458307712423538,3.753540960555803,0.0,0.0,0.0,False
spectral_skewness,8,256,256,6300,630,4.742218218569194,4.144415773451632,4.711285447875342,4.716835138728204,0.0,0.0,0.0,False
speech_rate,1,2,2,6300,630,0.27414109580831436,0.21025031542608885,0.07652271857919801,0.08392313773255307,0.13372759684689084,0.014380536125492827,0.0,False
speech_rate,2,4,4,6300,630,0.5280804841951205,0.3601095615773341,0.24677719664964598,0.26166604128886223,0.11333236492768811,0.012187313661937293,0.0,False
speech_rate,3,8,8,6300,630,0.871858890096135,0.5741599134047617,0.6035282149451304,0.6213930023970093,0.0,0.0,0.0,False
speech_rate,4,16,16,6300,630,1.3760426702329198,0.9511346308091941,1.1860945344177518,1.202835273021367,0.0,0.0,0.0,False
speech_rate,5,32,32,6300,630,2.0623315156766573,1.5453657926914455,1.9439034139424896,1.9550108878764323,0.0,0.0,0.0,False
speech_rate,6,64,64,6300,630,2.8850965574579153,2.3138580210297377,2.814015839348718,2.8252055375542304,0.0,0.0,0.0,False
speech_rate,7,128,128,6300,630,3.788958250903665,3.19264430066956,3.7466024795527746,3.754087165108576,0.0,0.0,0.0,False
speech_rate,8,256,256,6300,630,4.7354624872128515,4.135828048392574,4.711314018153267,4.716352712508428,0.0,0.0,0.0,False
