feature,b,q_eff,I_raw,I_mm,I_null_mean,I_null_p95,perm_p,I_corrected,NMI_corrected,I_corrected_mmnull,I_null_mm_mean
AMD,1,2,0.24783412608846866,0.2096055733707214,0.06286230682990251,0.06918410549175266,0.0,0.14674326654081887,0.016320181283312373,0.1883055618911802,0.02130001147954118
AMD,2,4,0.4788191518566993,0.3776403699313544,0.19922246355050036,0.21296196791415908,0.0,0.17841790638085406,0.019842904175195176,0.29791733336186266,0.07972303656949174
AMD,3,8,0.7732431110216567,0.5834919649836756,0.4996410220828224,0.515108753364885,0.0,0.08385094290085321,0.009325556266923772,0.3078579828484615,0.2756339821352141
AMD,4,16,1.2443188210443274,0.9669776291648269,1.0212089170276557,1.0402837678718357,0.0,0.0,0.0,0.262469350644046,0.7045082785207809
AMD,5,32,1.885326704293794,1.5371767370377363,1.7357367456075088,1.7473198993807302,0.0,0.0,0.0,0.18005451336866862,1.3571222236690677
AMD,6,64,2.670925630889265,2.2781620421531805,2.5802678636590586,2.591619912056322,0.0,0.0,0.0,0.11054234483335001,2.1676196973198305
AMD,7,128,3.547337675775319,3.1313258879560646,3.4975977403602703,3.5047144393622163,0.0,0.0,0.0,0.06121013842749212,3.0701157495285725
AMD,8,256,4.482669160514851,4.0617457813399955,4.456103847122292,4.461953815882731,0.0,0.0,0.0,0.032839871349337635,4.028905909990658
AlphaRatio,1,2,0.4687743132649498,0.4406963826821073,0.06284604367147657,0.06999013224382046,0.0,0.37785033901063075,0.04202295734570691,0.4194163180545088,0.021280064627598537
AlphaRatio,2,4,0.8379407336800995,0.7626296662275784,0.20060200902026268,0.21231190957880708,0.0,0.5620276572073157,0.0625063995648979,0.6815148052099353,0.08111486101764306
AlphaRatio,3,8,1.1688075057863117,1.0251434586350356,0.4996223390234573,0.5189320742395401,0.0,0.5255211196115783,0.0584462929199176,0.7495183363764755,0.2756251222585601
AlphaRatio,4,16,1.583545157255875,1.3576119548983119,1.0218670879248741,1.0387025194720174,0.0,0.33574486697343775,0.03734016028888056,0.652400482559553,0.7052114723387589
AlphaRatio,5,32,2.127871446029456,1.8232709221263779,1.7356290925255866,1.7493082228419994,0.0,0.08764182960079125,0.009747163061060915,0.46630874184702553,1.3569621802793523
AlphaRatio,6,64,2.8223274889603474,2.4596883272052708,2.579582688583955,2.5922745689583855,0.0,0.0,0.0,0.2929375803370986,2.166750746868172
AlphaRatio,7,128,3.6366719279025173,3.2393241872345406,3.4976780516425534,3.5055567956978155,0.0,0.0,0.0,0.16910520566402543,3.070218981570515
AlphaRatio,8,256,4.531693258490222,4.121739100009538,4.455750493211471,4.462174037313286,0.0,0.0,0.0,0.0932790455668977,4.0284600544426405
B1,1,2,0.38160129062314496,0.34828432926099673,0.06275218694548815,0.06914949072223066,0.0,0.2855321423155086,0.03175570801066648,0.32709975855650514,0.02118457070449158
B1,2,4,0.6756362401180933,0.5885373534121339,0.19921882057757095,0.20937330794040765,0.0,0.3893185328345629,0.04329840259516013,0.5088826291017535,0.07965472431038031
B1,3,8,0.9890834567596052,0.8253637449062996,0.5004034865076217,0.5170107533395668,0.0,0.3249602583986779,0.03614074057335524,0.5489022197608245,0.27646152514547506
B1,4,16,1.418223206474849,1.1682232064748508,1.0219364981004069,1.0383837434803043,0.0,0.1462867083744439,0.016269404765811697,0.46292185899657745,0.7053013474782733
B1,5,32,1.9969576861084946,1.6690271032663198,1.73696618567074,1.7487480051909978,0.0,0.0,0.0,0.31041594379073345,1.3586111594755863
B1,6,64,2.750443327570604,2.3738879903079972,2.579668173393212,2.591049403805524,0.0,0.0,0.0,0.20699363813286054,2.1668943521751367
B1,7,128,3.5923659695665755,3.1860955046025925,3.4983166545404343,3.506627719485653,0.0,0.0,0.0,0.11508361430577363,3.071011890296819
B1,8,256,4.506428069401354,4.0906618611498775,4.455657758918318,4.461436732447376,0.0,0.0,0.0,0.062316233862210524,4.028345627287667
B2,1,2,0.3331371309205142,0.29826483229575906,0.06269264827890819,0.0692668933998248,0.0,0.23557218401685087,0.02619936736512131,0.2771377537614493,0.021127078534309788
B2,2,4,0.6174138113249104,0.5256489128311319,0.19939872785480628,0.2105534878028701,0.0,0.32625018497632563,0.03628420089072195,0.44581182544783854,0.07983708738329338
B2,3,8,0.9134305683021644,0.7425071891273127,0.5003127910215109,0.5155350417823469,0.0,0.2421943981058018,0.026935862721782333,0.4661842474836655,0.27632294164364724
B2,4,16,1.3456723861927067,1.08388456693927,1.0220171540015996,1.0406692437621652,0.0,0.061867412937670396,0.006880638672381374,0.3784022852362936,0.7054822817029764
B2,5,32,1.9574363985116126,1.6228751673393802,1.7361042099402664,1.7494354317271243,0.0,0.0,0.0,0.2653073031751447,1.3575678641642355
B2,6,64,2.7194608719693107,2.336929765224058,2.5799522613036174,2.591450825099222,0.0,0.0,0.0,0.16969770693288355,2.1672320582911744
B2,7,128,3.577390866255447,3.168009726766252,3.4976321461087987,3.5050316863129543,0.0,0.0,0.0,0.09784729251076119,3.070162434255491
B2,8,256,4.4991213911952155,4.082127285104839,4.455721392953595,4.461426539974407,0.0,0.0,0.0,0.0537008332121518,4.028426451892687
B3,1,2,0.353505983840698,0.31887926478372286,0.06320797365847144,0.07033607138781263,0.0,0.25567129112525144,0.028434707216647412,0.29723358647561277,0.02164567830811011
B3,2,4,0.6281631624199715,0.5371350026295314,0.20050135831803984,0.2127314142146525,0.0,0.33663364431149156,0.03743900644120813,0.4560413882538623,0.08109361437566907
B3,3,8,0.92401370512205,0.7518624281082982,0.4994521465832259,0.5163354770796132,0.0,0.2524102815250723,0.028072031169588438,0.47642632605683255,0.2754361020514656
B3,4,16,1.3668773858213168,1.1067267636864138,1.0222877638521788,1.0380397269088695,0.0,0.08443899983423497,0.009390957535301763,0.40094440258472464,0.7057823611016891
B3,5,32,1.9763979492577963,1.6443743736192893,1.7365225342669015,1.7496725912914404,0.0,0.0,0.0,0.2863378413170239,1.3580365323022654
B3,6,64,2.723928284621209,2.3411515983081763,2.579339743266056,2.590517622741656,0.0,0.0,0.0,0.1746900475765023,2.166461550731674
B3,7,128,3.5762823364694025,3.1661644582768673,3.497669361464087,3.5053572792853744,0.0,0.0,0.0,0.09595334828625868,3.0702111099906086
B3,8,256,4.502635638409121,4.085968971742451,4.455981273990748,4.4616365689319935,0.0,0.0,0.0,0.057217150927868055,4.028751820814583
B4,1,2,0.35457140027681966,0.3201084009316979,0.06327137986676672,0.06926313763877746,0.0,0.25683702106493117,0.028564354895831832,0.29839726991889437,0.021711131012803548
B4,2,4,0.6468101883578221,0.5575010855418423,0.20044023198317512,0.21423262396903536,0.0,0.3570608535586672,0.03971083646029338,0.4765258994001867,0.08097518614165562
B4,3,8,0.9687443622209244,0.8028144342575985,0.49965413336327885,0.5165128061468789,0.0,0.3031603008943196,0.03371623915106567,0.5272713028589548,0.27554313139864356
B4,4,16,1.4087547668663216,1.1566264106122297,1.0220673918790333,1.0361099006651913,0.0,0.13455901873319642,0.014965099461102242,0.4511008491195735,0.7055255614926562
B4,5,32,1.994303298517048,1.6667820149545065,1.7360246126824546,1.7481925130630551,0.0,0.0,0.0,0.30934245466235955,1.357439560292147
B4,6,64,2.7435770481751884,2.3653026539381212,2.5795970038008194,2.592058680574759,0.0,0.0,0.0,0.19852162918117955,2.1667810247569417
B4,7,128,3.592211169945175,3.1852858261337786,3.497720579362239,3.5052457282452942,0.0,0.0,0.0,0.11500057748535841,3.0702852486484202
B4,8,256,4.511229322920528,4.096117993516465,4.455587792746915,4.461422526999655,0.0,0.0,0.0,0.06786034156850551,4.02825765194796
B5,1,2,0.33500302854454844,0.3000488700638666,0.06287581553953105,0.06857229672418103,0.0,0.23717305452433557,0.026377409584768852,0.2787345312761376,0.021314338787728985
B5,2,4,0.6091859918319784,0.5174210933382,0.19977093823084935,0.2139885773506447,0.0,0.3176501551073506,0.03532774101483026,0.43719296781200034,0.08022812552619964
B5,3,8,0.9151485646517656,0.7424242686465288,0.49971921498291777,0.5154133067295683,0.0,0.242705053663611,0.026992655728188927,0.4667730792038847,0.27565118944264405
B5,4,16,1.3595151056245598,1.0994463433455834,1.02149199340692,1.0367116206929032,0.0,0.07795434993866346,0.008669761501239775,0.39463165838659886,0.7048146849589846
B5,5,32,1.9731450149704237,1.6406302801963566,1.736408232964477,1.7501730325201712,0.0,0.0,0.0,0.2827367001460903,1.3578935800502663
B5,6,64,2.7284463546942437,2.347716164779378,2.5796534140101057,2.591778264522927,0.0,0.0,0.0,0.1808472137686179,2.16686895101076
B5,7,128,3.578494152940314,3.169522312730752,3.4984141477870323,3.50629410056373,0.0,0.0,0.0,0.09838591543488029,3.071136397295872
B5,8,256,4.497651114510319,4.080083989428456,4.4557964873687,4.462163844840318,0.0,0.0,0.0,0.05156361535379883,4.028520374074657
CPP,1,2,0.5391767324169461,0.5129815785204155,0.0624932744793033,0.06803570054183225,0.0,0.4504883040411122,0.050101452429626867,0.4920575574792273,0.0209240210411882
CPP,2,4,0.9241498253581515,0.8559605653712481,0.19904095551389245,0.21170703451300818,0.0,0.6569196098573556,0.07305989142917613,0.7764812503288685,0.0794793150423796
CPP,3,8,1.2447454976916141,1.1102497544041228,0.49850681572472694,0.5148329402314815,0.0,0.6117429386793958,0.06803552826225828,0.8360319858306715,0.2742177685734513
CPP,4,16,1.6217582068223209,1.402210073227037,1.021083676345239,1.0356479347466454,0.0,0.38112639688179795,0.04238730699944177,0.6979039836532437,0.7043060895737934
CPP,5,32,2.1557217275469576,1.858488590677279,1.7358211378137873,1.750574379832085,0.0,0.12266745286349168,0.013642568517700846,0.5012987560723978,1.3571898346048812
CPP,6,64,2.8309694327613073,2.471277225819591,2.5795777301890253,2.592443335843309,0.0,0.0,0.0,0.30451833976940135,2.16675888605019
CPP,7,128,3.642899904218279,3.248007959228101,3.4976751145313556,3.5069511459346083,0.0,0.0,0.0,0.17778700317742713,3.0702209560506737
CPP,8,256,4.537848076441012,4.129531115078862,4.4552656982192556,4.460526647721787,0.0,0.0,0.0,0.10167700821520853,4.0278541068636535
F0,1,2,0.6116297130326114,0.5900187110679749,0.06281131105726687,0.06837319297892194,0.0,0.527207400010708,0.058633834075685974,0.5687737883538657,0.021244922714109205
F0,2,4,1.1006092969795773,1.0446171555257457,0.1994759768139972,0.21153893824360423,0.0,0.8451411787117485,0.09399311853761509,0.9646635264524166,0.07995362907332916
F0,3,8,1.4729171881053897,1.35945942779105,0.5010452932239527,0.5188475169664178,0.0,0.8584141345670971,0.09546928198164226,1.082285287153867,0.2771741406371827
F0,4,16,1.839314347170582,1.6498906405563076,1.0212192525285253,1.0390211857642049,0.0,0.6286713880277823,0.06991824062599178,0.9453879892065629,0.7045026513497448
F0,5,32,2.3084825450785402,2.037526421961317,1.7350873717982258,1.7495796375247608,0.0,0.30243905016309136,0.03363602461746666,0.6812320265874525,1.3562943953738646
F0,6,64,2.937469305889943,2.60020669947213,2.5803502316956632,2.590794099800522,0.0,0.01985646777646677,0.0022083545050978243,0.43248335055315357,2.1677233489189764
F0,7,128,3.7125960163564677,3.3335848834160604,3.4982042738818597,3.506341444007781,0.0,0.0,0.0,0.26270993173459445,3.070874951681466
F0,8,256,4.565670478953651,4.163984165921558,4.455845883949039,4.462363681324937,0.0,0.0,0.0,0.1354053906824113,4.028578775239147
F1,1,2,0.35697565214038285,0.3229219520748945,0.06298909282906023,0.0689060526704937,0.0,0.25993285924583426,0.0289086612584143,0.30149842899043267,0.02142352308446183
F1,2,4,0.6667890111462942,0.5776436280421677,0.20051150933449213,0.21265533279604812,0.0,0.3771321187076756,0.04194307984385013,0.49657383449025594,0.08106979355191181
F1,3,8,1.0173889698080671,0.8551427353614418,0.49945689075931043,0.515490059775563,0.0,0.3556858446021314,0.039557913631424774,0.5798050325523592,0.2753377028090826
F1,4,16,1.4517952684899846,1.2057245415744653,1.021317555393495,1.0381056896515188,0.0,0.1844069861809703,0.02050898494579689,0.5011031223957692,0.7046214191786961
F1,5,32,2.0369473599944836,1.7163023043297816,1.735863672931651,1.751461350623381,0.0,0.0,0.0,0.35904251155530087,1.3572597927744807
F1,6,64,2.7749904279495112,2.4035922616102834,2.5799765671904566,2.5911256503258064,0.0,0.0,0.0,0.2363420369214646,2.167250224688819
F1,7,128,3.6060244374718184,3.202455347753416,3.4985116976498865,3.5061868825705798,0.0,0.0,0.0,0.13120093563070778,3.071254412122708
F1,8,256,4.517085172205839,4.103529180064383,4.455795468121403,4.461632555957242,0.0,0.0,0.0,0.07501064383558198,4.028518536228801
F2,1,2,0.34572602035582634,0.31060814216329113,0.0629273640747453,0.06967286476205299,0.0,0.24768077808854583,0.027546035290638243,0.2892434827381868,0.021364659425104345
F2,2,4,0.6410617224401296,0.5508521612089563,0.20025428418821917,0.2109577368861922,0.0,0.35059787702073714,0.038992050847738734,0.47006824375289175,0.08078391745606454
F2,3,8,0.9675741222223628,0.8009893154116234,0.5003219890997049,0.5172837086721682,0.0,0.3006673263119185,0.03343898079312828,0.5246293433387672,0.2763599720728562
F2,4,16,1.4131373677337802,1.1602722727763481,1.0216505957179967,1.038550530678735,0.0,0.1386216770583515,0.015416931575254107,0.45524986959273095,0.7050224031836172
F2,5,32,2.0029333278535635,1.6754939041469488,1.737304624150169,1.7533894747610614,0.0,0.0,0.0,0.3164509859561768,1.359042918190772
F2,6,64,2.7509315094033866,2.3736394334374395,2.5804599032283733,2.5907529358546837,0.0,0.0,0.0,0.20579699910232208,2.1678424343351175
F2,7,128,3.601673064413413,3.1971216564238905,3.4980977600475014,3.5061331875196977,0.0,0.0,0.0,0.12637532073788282,3.0707463356860076
F2,8,256,4.519200379235725,4.105971826517976,4.45553252934236,4.461677732877829,0.0,0.0,0.0,0.07778294485080028,4.028188881667176
F3,1,2,0.38161159663185806,0.34829463526970983,0.06296655766521454,0.06881669268996918,0.0,0.2853280776044953,0.031733012774586684,0.326894465947653,0.02140016932205687
F3,2,4,0.6909090291628921,0.6038920023128593,0.19957158997016955,0.21021714717769466,0.0,0.4043204123426898,0.04496684980186679,0.5238157463309021,0.08007625598195728
F3,3,8,1.025632542688104,0.8644504863685238,0.499508765606741,0.5143921211709109,0.0,0.36494172076178283,0.04058731402861016,0.5891132990198038,0.27533718734872004
F3,4,16,1.4780777019314701,1.2354450889648714,1.0219303039037195,1.0370329635421893,0.0,0.21351478506115185,0.023746234365691867,0.5300926337841365,0.7053524551807349
F3,5,32,2.058500395197754,1.7423576316090177,1.7352906504237975,1.7502794131106785,0.0,0.0070669811852202,0.000785960519942967,0.38581288819242365,1.356544743416594
F3,6,64,2.7827952459059695,2.412624977405642,2.579769807590436,2.5907959462518084,0.0,0.0,0.0,0.24563021893112014,2.1669947584745217
F3,7,128,3.62560735200106,3.2261312550789896,3.498233494770429,3.5061705105993943,0.0,0.0,0.0,0.15521603142840412,3.0709152236505854
F3,8,256,4.525842455913795,4.114251100314577,4.455841863576109,4.462159831865566,0.0,0.0,0.0,0.08567143385700415,4.028579666457573
F4,1,2,0.45100626044502334,0.4206362538962338,0.06315873399138174,0.0697075623346799,0.0,0.3574775199048521,0.03975717637397182,0.39904022455449306,0.021596029341740763
F4,2,4,0.7821470404588879,0.7042983174726398,0.19986896855347985,0.21314658689163918,0.0,0.50442934891916,0.05610055311596843,0.6239132225275426,0.08038509494509728
F4,3,8,1.0874917362839618,0.9369514612348464,0.49989089162585176,0.5163883041470363,0.0,0.43706056960899464,0.048608075150231383,0.6610098983581747,0.2759415628766717
F4,4,16,1.490458728664393,1.2533107260448801,1.0217383771324327,1.0400904120568986,0.0,0.2315723489124475,0.025754522190647413,0.5481383279563229,0.7051723980885573
F4,5,32,2.0586690405627994,1.7434267353892565,1.7360590686874116,1.7504051967628327,0.0,0.007367666701844966,0.0008194015237877164,0.3859257053396967,1.3575010300495598
F4,6,64,2.783082901919233,2.413485652410392,2.5790773687595134,2.5902773364373424,0.0,0.0,0.0,0.24733313630313924,2.166152516107253
F4,7,128,3.6143444201871304,3.212248807875408,3.49844373056768,3.507257708231586,0.0,0.0,0.0,0.14106563722914345,3.0711831706462647
F4,8,256,4.525698286869716,4.113288332711232,4.455763800042587,4.461426539974407,0.0,0.0,0.0,0.08480228315980654,4.028486049551425
F5,1,2,0.4349657794031234,0.40402275386284714,0.06250868792753317,0.06916217512968625,0.0,0.34151406593531397,0.037981786818920546,0.3830820914755902,0.02094066238725697
F5,2,4,0.7682045185046285,0.6890460378235534,0.2011092246023729,0.2129280674593117,0.0,0.48793681322118054,0.0542663212717587,0.6073093574255027,0.08173668039805067
F5,3,8,1.0944293600322297,0.9434797857034827,0.5003752104817422,0.5167070228489697,0.0,0.4431045752217405,0.04928026454332993,0.6671263499434157,0.276353435760067
F5,4,16,1.5140177199122071,1.2783431946993726,1.0191335711955418,1.035072869913679,0.0,0.2592096235038308,0.02882822596009835,0.5763580354226243,0.7019851592767483
F5,5,32,2.0896401634975152,1.7797187489592048,1.7357718589782007,1.7511959695951174,0.0,0.043946889981004045,0.004887591970894721,0.422571644401436,1.3571471045577688
F5,6,64,2.7978844128930707,2.4302517999264683,2.5803704817389836,2.592418543868658,0.0,0.0,0.0,0.2625118846576884,2.16773991526878
F5,7,128,3.6353051113429906,3.2378755108190873,3.498006478306339,3.5058120015759915,0.0,0.0,0.0,0.16724419623246112,3.070631314586626
F5,8,256,4.5335586640408465,4.123604505560163,4.455530242188201,4.461836405416611,0.0,0.0,0.0,0.0954170924485851,4.028187413111578
HNR,1,2,0.49889076230595286,0.47105841129089043,0.06269838822189777,0.0702851097592621,0.0,0.40836002306899266,0.045416118657067975,0.44991945332439653,0.021138957966493878
HNR,2,4,0.86820658332398,0.7950238721255509,0.19945426036097047,0.21131477443646468,0.0,0.5955696117645805,0.06623679750325177,0.7151169267613061,0.07990694536424478
HNR,3,8,1.1805265968104202,1.0393183453369446,0.4987917698695758,0.5135811019366184,0.0,0.5405265754673687,0.06011513787327101,0.7647669160043681,0.2745514293325765
HNR,4,16,1.5660526728348678,1.3395464514858197,1.021651504175219,1.0395689394456713,0.0,0.31789494731060075,0.035354965794733004,0.634463382150154,0.7050830693356658
HNR,5,32,2.103445566912777,1.795979948052267,1.735583578423628,1.7483281692211738,0.0,0.060396369628638924,0.006717035298646204,0.43909193282444736,1.3568880152278195
HNR,6,64,2.7971100828935427,2.4307872276217672,2.5795527743981426,2.5904335223804806,0.0,0.0,0.0,0.2640565717566967,2.1667306558650705
HNR,7,128,3.6262719535291286,3.227368875598545,3.497954184020199,3.50609426407911,0.0,0.0,0.0,0.15680459007212555,3.0705642855264195
HNR,8,256,4.528679772577227,4.118152595105057,4.455602832796803,4.460971497611611,0.0,0.0,0.0,0.0898729450194562,4.028279650085601
LHR,1,2,0.4603456306136895,0.4307123627682401,0.063068434086323,0.06985724065174885,0.0,0.3676439286819171,0.04088784245598796,0.40921236352147294,0.021499999246767158
LHR,2,4,0.8219840833682266,0.7459362772123654,0.1986004972030096,0.209275933450795,0.0,0.5473357800093559,0.06087242953741338,0.6669236156347652,0.07901266157760023
LHR,3,8,1.1522543561292569,1.0065438125798156,0.4979169008474327,0.513128842883102,0.0,0.508626911732383,0.0565673887512569,0.7329761258777647,0.2735676867020509
LHR,4,16,1.5581174756621774,1.3289917389234756,1.020990149138766,1.036587439866876,0.0,0.3080015897847095,0.034254667347456344,0.6247190095620493,0.7042727293614263
LHR,5,32,2.107562562929644,1.800588103204694,1.736384970933974,1.7500135446039398,0.0,0.06420313227071994,0.0071404077496337376,0.4427042783087025,1.3578838248959915
LHR,6,64,2.8165017180164273,2.4539444161172774,2.5804536627076544,2.5922791239506657,0.0,0.0,0.0,0.2860775248569061,2.1678668912603714
LHR,7,128,3.635825204922096,3.2395416423811643,3.4976873775061357,3.5051778277466923,0.0,0.0,0.0,0.16930637685931282,3.0702352655218514
LHR,8,256,4.535265490077094,4.126866668859018,4.455721634214981,4.461630389433776,0.0,0.0,0.0,0.09843301761719037,4.028433651241827
RMS,1,2,0.5052640612607426,0.4773498503897535,0.06263388896771463,0.06861566243516544,0.0,0.4147159614220389,0.046122999923871574,0.45627825677240025,0.0210715936173533
RMS,2,4,0.925851911494858,0.8564347536690544,0.19930166236583985,0.2101570499400008,0.0,0.6571330913032145,0.07308363395569316,0.7766480716568492,0.07978668201220518
RMS,3,8,1.2882085125926608,1.1564960044066765,0.4993133004664466,0.5152468920761518,0.0,0.6571827039402299,0.07308915166869712,0.8812417248963518,0.27525427951032483
RMS,4,16,1.689733227735978,1.4783710797333605,1.0211764481921695,1.0357307411506704,0.0,0.457194631541191,0.050847302533189226,0.7739529812464938,0.7044180984868667
RMS,5,32,2.2259881313857512,1.9386600370831975,1.7358643811312435,1.7501845294268976,0.0,0.20279565595195392,0.02255409700644425,0.5814060848975986,1.3572539521855989
RMS,6,64,2.895320304496739,2.5467610379610477,2.580071062721795,2.5920355387977403,0.0,0.0,0.0,0.37938602959419754,2.16737500836685
RMS,7,128,3.694742347360501,3.309428005513741,3.497667418466713,3.5061106360502956,0.0,0.0,0.0,0.2392110618341925,3.0702169436795486
RMS,8,256,4.56183093759914,4.1583437077366625,4.455104787589729,4.4611815265692,0.0,0.0,0.0,0.1306877577369825,4.02765594999968
SemitoneSDF0,1,2,0.2533721454787443,0.21457057376951028,0.06244922094765931,0.06831101921108296,0.0,0.15212135282185096,0.016918309873010382,0.193687331865729,0.020883241903781276
SemitoneSDF0,2,4,0.5455466795532917,0.447396712297234,0.19977539234342095,0.21063076174528222,0.0,0.24762131995381303,0.027539422601957655,0.36714325839520146,0.08025345390203256
SemitoneSDF0,3,8,0.8724488252190632,0.6943217787226672,0.4985008301677513,0.5177565134608904,0.0,0.19582094855491589,0.021778398796904547,0.4200809354573376,0.2742408432653296
SemitoneSDF0,4,16,1.3380697925008533,1.0752996549762965,1.021550186871315,1.0372462183712354,0.0,0.05374946810498149,0.005977794307249576,0.37039853490262253,0.704901120073674
SemitoneSDF0,5,32,1.9539231746802503,1.619116363940238,1.7376729192032838,1.7522961196558458,0.0,0.0,0.0,0.2595979142850875,1.3595184496551505
SemitoneSDF0,6,64,2.7036918754087083,2.31837753356195,2.5804711794875073,2.5935473976274777,0.0,0.0,0.0,0.15053896704104508,2.167838566520905
SemitoneSDF0,7,128,3.57298781239337,3.1629517940567613,3.497597836381924,3.505515631751981,0.0,0.0,0.0,0.09283676710509425,3.070115026951667
SemitoneSDF0,8,256,4.4938454313901754,4.075705287316826,4.455827931396993,4.46138537602857,0.0,0.0,0.0,0.04714200883404729,4.028563278482778
SpectralEntropy,1,2,0.42350009615503303,0.3914928924877117,0.06290720091309226,0.06916718832378733,0.0,0.3285856915746194,0.036543946308491594,0.37015044272065856,0.02134244976705313
SpectralEntropy,2,4,0.759386206211234,0.6785905284116271,0.20080045576630268,0.21370024571329027,0.0,0.47779007264532447,0.05313784260601597,0.5972285140336677,0.08136201437795944
SpectralEntropy,3,8,1.079978352705142,0.9275553009697148,0.4997441432373597,0.5167208693149395,0.0,0.4278111577323551,0.0475793936839592,0.6518439835345804,0.2757113174351345
SpectralEntropy,4,16,1.481863050797589,1.2416043736528621,1.020845105596022,1.0378384899835145,0.0,0.2207592680568402,0.024551935905398427,0.5375614127850639,0.7040429608677983
SpectralEntropy,5,32,2.0456323838190205,1.7267882449847054,1.736650183278675,1.751287242184901,0.0,0.0,0.0,0.3685814965455849,1.3582067484391205
SpectralEntropy,6,64,2.771875394360128,2.3994130498938535,2.5797543623082646,2.590849469194077,0.0,0.0,0.0,0.23242268562095258,2.166990364272901
SpectralEntropy,7,128,3.612105397371142,3.2103372244831263,3.497692978459927,3.5067491429265236,0.0,0.0,0.0,0.14010331609523696,3.0702339083878893
SpectralEntropy,8,256,4.51729965224253,4.104398538948486,4.456051368191024,4.461953815882731,0.0,0.0,0.0,0.07556311705739915,4.0288354218910865
SpectralFlux,1,2,0.4018142776486737,0.369643354269499,0.06283659999794514,0.06950021689389052,0.0,0.3068067542715539,0.034121782666352324,0.3483678217240763,0.021275532545422707
SpectralFlux,2,4,0.7149032185846238,0.6311605859716565,0.20003506816992978,0.21289495110459997,0.0,0.4311255178017267,0.0479480031503109,0.5505922008403648,0.08056838513129176
SpectralFlux,3,8,1.0392697895019172,0.8811165478516241,0.4998267236755676,0.517530497300544,0.0,0.3812898241760565,0.04240548270952248,0.6053030036128593,0.27581354423876475
SpectralFlux,4,16,1.4501753586435804,1.2034497528806476,1.021193619779709,1.039794449943231,0.0,0.1822561331009387,0.020269775931255004,0.49896004600205013,0.7044897068785975
SpectralFlux,5,32,2.017198918610873,1.692952029285399,1.7361863292643107,1.7492838149626113,0.0,0.0,0.0,0.33531596197262714,1.3576360673127719
SpectralFlux,6,64,2.7534727318004126,2.377654133241146,2.5793611583208382,2.591004128758108,0.0,0.0,0.0,0.21115847917702046,2.1664956540641254
SpectralFlux,7,128,3.599051600132954,3.193845313296018,3.4982005273019663,3.505719481211352,0.0,0.0,0.0,0.12297779188796198,3.070867521408056
SpectralFlux,8,256,4.507867818504083,4.0925109095322405,4.455910874514651,4.462046434374199,0.0,0.0,0.0,0.06384667876349948,4.028664230768741
SpectralKurtosis,1,2,0.41112259348896707,0.3792791095334991,0.06339304897813053,0.07045312914796575,0.0,0.31588606055536855,0.03513154568970273,0.35744671870861133,0.021832390824887728
SpectralKurtosis,2,4,0.7484824868123798,0.6668682104535062,0.20018108330506607,0.21267082470149584,0.0,0.46668712714844013,0.05190301877007877,0.5861714100561024,0.08069680039740383
SpectralKurtosis,3,8,1.0699021690975883,0.9144503026928739,0.49848986254704847,0.5126062157265615,0.0,0.4159604401458254,0.04626140571825105,0.6401774506238855,0.2742728520689883
SpectralKurtosis,4,16,1.4765430149798107,1.2340741217250653,1.020259253006736,1.037310329960286,0.0,0.21381486871832922,0.023779608433209518,0.5307443055225189,0.7033298162025463
SpectralKurtosis,5,32,2.0545710317917436,1.736381771804842,1.7359190117366239,1.750125663384425,0.0,0.00046276006821810434,5.146626746172825e-05,0.3790948818756834,1.3572868899291586
SpectralKurtosis,6,64,2.788288648605935,2.4188551188089473,2.5792558197820625,2.591121317278878,0.0,0.0,0.0,0.2524807659555037,2.1663743528534436
SpectralKurtosis,7,128,3.621132602982213,3.221247206780509,3.4983960031916785,3.5070704028520137,0.0,0.0,0.0,0.1501240424886352,3.071123164291874
SpectralKurtosis,8,256,4.527804694324452,4.1172775168522815,4.455986185582105,4.462812544189514,0.0,0.0,0.0,0.08851873794994525,4.028758778902336
SpectralRolloff,1,2,0.42731439496333223,0.3965350891349093,0.06266261835202576,0.06945884965851512,0.0,0.33387247078288357,0.037131920101890266,0.37543763122820234,0.021097457906706987
SpectralRolloff,2,4,0.7668475996143282,0.6873616795095465,0.2002189231317778,0.21248412717317855,0.0,0.4871427563777687,0.054178009542442444,0.6066442298551755,0.08071744965437101
SpectralRolloff,3,8,1.0802851623866445,0.9272072318038038,0.5005710654849864,0.5165667625947011,0.0,0.4266361663188174,0.04744871598182466,0.6506444341642647,0.27656279763953917
SpectralRolloff,4,16,1.4899429791645264,1.250339180867213,1.0211937607058517,1.0391563308287646,0.0,0.2291454201613614,0.025484609177852443,0.5458636585372602,0.7044755223299529
SpectralRolloff,5,32,2.067794461335689,1.7522247167384393,1.7353379005681615,1.750296498665986,0.0,0.016886816170277763,0.0018780820932607675,0.395597932738712,1.3566267839997272
SpectralRolloff,6,64,2.788432594231004,2.41891720457809,2.5793872928706736,2.5910449726317664,0.0,0.0,0.0,0.25237945329222367,2.1665377512858663
SpectralRolloff,7,128,3.6235475962527115,3.2230073212035943,3.498153883187697,3.50577300415362,0.0,0.0,0.0,0.15219831358891645,3.070809007614678
SpectralRolloff,8,256,4.531311858019894,4.120702820691797,4.45574709818654,4.461626376459025,0.0,0.0,0.0,0.09224902636904453,4.028453794322752
SpectralSkewness,1,2,0.4035404224207202,0.3716969384652522,0.0625788993239246,0.06964189382492689,0.0,0.3091180391413276,0.03437883424330895,0.3506819716888075,0.02101496677644473
SpectralSkewness,2,4,0.7284728398727793,0.646531124090199,0.20098330134639547,0.21155676878616292,0.0,0.4455478227438035,0.04955199246257302,0.5649690735624021,0.08156205052779683
SpectralSkewness,3,8,1.0447728444016402,0.8864558830394937,0.499882169449554,0.5156348422455944,0.0,0.38657371358993975,0.04299313511190076,0.6106094044871224,0.2758464785523714
SpectralSkewness,4,16,1.4819901777619222,1.2396850042190284,1.020010106973331,1.0349981025302857,0.0,0.21967489724569744,0.024431336653157713,0.536586734180863,0.7030982700381654
SpectralSkewness,5,32,2.0549106941670914,1.7358209757649963,1.7373932740559561,1.7515581059081227,0.0,0.0,0.0,0.37667835658788706,1.3591426191771092
SpectralSkewness,6,64,2.7878867769889943,2.4179620880564467,2.5794894175662777,2.5914209618064548,0.0,0.0,0.0,0.2513209841771378,2.166641103879309
SpectralSkewness,7,128,3.622643139345044,3.2225121635755603,3.497777664609041,3.5047804934095317,0.0,0.0,0.0,0.15215714140266945,3.070355022172891
SpectralSkewness,8,256,4.520951217816172,4.108213824233982,4.4553976292216,4.4615315174623085,0.0,0.0,0.0,0.08019258662993511,4.0280212376040465
SpeechRate,1,2,0.22100301720426252,0.18220144549502848,0.06292032408571717,0.06926266183722474,0.0,0.11928112140931131,0.01326595469057009,0.16084341675967265,0.021358028735355833
SpeechRate,2,4,0.4214866410416711,0.316460445887774,0.20014260958542238,0.21185838117635605,0.0,0.11631783630235162,0.012936390334536968,0.23580621220281017,0.08065423368496384
SpeechRate,3,8,0.7203643606858137,0.5250467444448184,0.4998879733761161,0.5164632436230153,0.0,0.025158771068702235,0.002798054823131265,0.24919855495868293,0.27584818948613543
SpeechRate,4,16,1.204140897202894,0.920496496417039,1.0216780763304607,1.0383378021455243,0.0,0.0,0.0,0.21540158970019996,0.705094906716839
SpeechRate,5,32,1.8589691127870047,1.5058256943194195,1.7359134448038134,1.749911489856667,0.0,0.0,0.0,0.14841339555359068,1.3574122987658288
SpeechRate,6,64,2.653057959542725,2.2572655561373534,2.5779513165262595,2.5877300459875934,0.0,0.0,0.0,0.09199269409701438,2.165272862040339
SpeechRate,7,128,3.5314690805934656,3.1140656752234577,3.4900375589722263,3.4978598085523,0.0,0.0,0.0,0.05112045416871869,3.062945221054739
SpeechRate,8,255,4.433669131535723,4.012745752360866,4.410375337023629,4.416191252114935,0.0,0.0,0.0,0.028967091827091007,3.983778660533775
VTLE,1,2,0.449761192835469,0.41947304614260617,0.06286663770146186,0.06943854513074452,0.0,0.35660640844114433,0.039660294947376835,0.39816870379150565,0.021304342351100524
VTLE,2,4,0.76850993466355,0.6883691357113548,0.20028273314979678,0.21100874049152524,0.0,0.48808640256155805,0.05428295798164366,0.6075649552793053,0.08080418043204951
VTLE,3,8,1.081096310397779,0.9282639593827184,0.500663767362923,0.5169356124920521,0.0,0.4276001920197955,0.047555930946930794,0.6514721632051248,0.27679179617759364
VTLE,4,16,1.4908055958378092,1.2504650588371558,1.0215327997640475,1.0363533351926828,0.0,0.2289322590731082,0.025460902280187925,0.5455547214175731,0.7049103374195826
VTLE,5,32,2.062291291316754,1.7459029481602375,1.7370243729634354,1.7510501755030836,0.0,0.00887857519680213,0.000987438539192021,0.3872160015229318,1.3586869466373057
VTLE,6,64,2.7865137918200205,2.416834682455253,2.579339008620349,2.5898468641038477,0.0,0.0,0.0,0.2503791872599219,2.166455495195331
VTLE,7,128,3.620318812727893,3.2196148179669226,3.497532035823182,3.505723494186102,0.0,0.0,0.0,0.1495803263480635,3.070034491618859
VTLE,8,256,4.527630223519974,4.115793288352977,4.4554746981168645,4.461632555957243,0.0,0.0,0.0,0.08767165179472691,4.02812163655825
dCPP,1,2,0.5167156479872883,0.489620035675566,0.062638063515691,0.0690421212202196,0.0,0.426981972159875,0.04748717508218357,0.46855040699943085,0.021069628676135165
dCPP,2,4,0.8664486440254056,0.7950668496573634,0.19899756731062165,0.2117467191051049,0.0,0.5960692823467417,0.0662923688059428,0.7156264205261786,0.07944042913118475
dCPP,3,8,1.170325039241554,1.0290349279121518,0.5002448431247855,0.5184537609190728,0.0,0.5287900847873663,0.05880985375330586,0.7527737946760356,0.2762611332361162
dCPP,4,16,1.5534939715823501,1.3254324129706951,1.0221049981416845,1.0387063303947093,0.0,0.3033274148290106,0.033734824874100296,0.6198401849665335,0.7055922280041617
dCPP,5,32,2.1040990734139076,1.797288333400811,1.7374773169109965,1.7510852858890753,0.0,0.05981101648981446,0.006651934735154837,0.4380968711067099,1.359191462294101
dCPP,6,64,2.805353326145962,2.440503948280867,2.580023108409327,2.591078528827104,0.0,0.0,0.0,0.27318917320487346,2.1673147750759933
dCPP,7,128,3.636668597250315,3.2402213149975303,3.497481122676419,3.5056370551928513,0.0,0.0,0.0,0.1702475597081463,3.069973755289384
dCPP,8,256,4.527965213314523,4.117356175986426,4.455817152981419,4.4610991005507,0.0,0.0,0.0,0.08881022470769384,4.0285459512787325
jitter,1,2,0.3387732463063937,0.30349164840200515,0.06264491119083963,0.06863542375919172,0.0,0.2408467372111655,0.026785981431639613,0.28241721854711954,0.021074429854885633
jitter,2,4,0.5962650645625391,0.5027811090943004,0.19988562803024934,0.2120100583965508,0.0,0.30289548106405106,0.03368678698103239,0.4223981824392967,0.08038292665500366
jitter,3,8,0.8980589610096033,0.7235337481739794,0.5009626382218368,0.5170885758601668,0.0,0.22257110995214258,0.024753441493253182,0.44639273732607704,0.2771410108479024
jitter,4,16,1.3496272215972756,1.088330561479399,1.0216120408737275,1.0388200169789896,0.0,0.06671852060567152,0.007420158872748608,0.3833135598984011,0.7050170015809979
jitter,5,32,1.9499861430147636,1.6141151541477043,1.7362651417684587,1.7520926883954808,0.0,0.0,0.0,0.25636220949777844,1.357752944649926
jitter,6,64,2.7052388645297842,2.3198426628270994,2.5798765883970822,2.5901847179458732,0.0,0.0,0.0,0.15271615628987423,2.167126506537225
jitter,7,128,3.5718655542119233,3.1615839563075347,3.4979055260203755,3.5048420423013034,0.0,0.0,0.0,0.09107324037229425,3.0705107159352405
jitter,8,256,4.498386252852768,4.081310286906465,4.455533267922874,4.461885915384129,0.0,0.0,0.0,0.053118210863096316,4.028192076043369
shimmer,1,2,0.444316278924898,0.4139462723761085,0.0632540805574422,0.0697765397805652,0.0,0.3506921918186663,0.03900254015083377,0.3922557150668665,0.02169055730924196
shimmer,2,4,0.7472357577966466,0.6665219398529665,0.20036526801183058,0.21319920118701238,0.0,0.4661566718411359,0.05184402371714057,0.5856430012451962,0.08087893860777026
shimmer,3,8,1.0543457886584946,0.8985664828300735,0.49994341916755225,0.5174289277549631,0.0,0.3986230636625212,0.0443332141640181,0.6226182339310202,0.27594824889905323
shimmer,4,16,1.4514133467471861,1.206079358535007,1.0204162828290688,1.038532519552656,0.0,0.1856630757059381,0.02064868204562833,0.5025654987576721,0.7035138597773348
shimmer,5,32,2.0234089255796075,1.701863411499712,1.735669948573435,1.74875777946496,0.0,0.0,0.0,0.34486160307034996,1.357001808429362
shimmer,6,64,2.7510851777091148,2.376248897420968,2.5792280588966583,2.5897064099875364,0.0,0.0,0.0,0.20991458443131794,2.16633431298965
shimmer,7,128,3.592814826644803,3.187608539807867,3.4982568808419994,3.5057419345539245,0.0,0.0,0.0,0.11666706499075419,3.0709414748171127
shimmer,8,256,4.509214505224643,4.09459433495614,4.455966787876246,4.461311296031751,0.0,0.0,0.0,0.0658619118474153,4.028732423108725
